{
    "$schema": "https://raw.githubusercontent.com/grafana/grafana/main/docs/sources/developers/plugins/plugin.schema.json",
    "type": "datasource",
    "name": "Grist",
    "id": "ffminus-grist-datasource",
    "metrics": true,
    "info": {
        "description": "Query Grist documents from Grafana.",
        "author": {
            "name": "ffminus"
        },
        "keywords": [
            "datasource"
        ],
        "logos": {
            "small": "img/logo.svg",
            "large": "img/logo.svg"
        },
        "links": [],
        "screenshots": [
            {
                "name": "Configuration",
                "path": "img/configuration.png"
            }
        ],
        "version": "0.1.0",
        "updated": "2025-01-24"
    },
    "dependencies": {
        "grafanaDependency": ">=10.4.0",
        "plugins": []
    },
    "buildMode": "production"
}